{
  "horizon": 14,
  "windows": 3,
  "SeasonalNaive": {
    "rmse": 20.26810766155909,
    "mae": 16.53286241996985,
    "smape": 37.01647337198144
  },
  "Ridge": {
    "rmse": 20.122737733121216,
    "mae": 15.835439848727228,
    "smape": 30.072748195050583
  },
  "HoltWinters": {
    "rmse": 22.07598815191557,
    "mae": 18.762760536788118,
    "smape": 42.10879612065164
  },
  "CausalTransformer": {
    "rmse": 18.653714450402628,
    "mae": 13.70387171941116,
    "smape": 28.381741807338205
  },
  "best_model": "CausalTransformer"
}