{
  "SeasonalNaive": {
    "rmse": 31.882051412283996,
    "mae": 24.6035406071462,
    "smape": 52.89826552806754
  },
  "Ridge": {
    "rmse": 19.053858723420575,
    "mae": 13.67142817203963,
    "smape": 36.252806652105384
  },
  "RandomForest": {
    "rmse": 20.606093722306213,
    "mae": 14.095579857324376,
    "smape": 31.581087334164017
  },
  "HoltWinters": {
    "rmse": 20.61961477542212,
    "mae": 13.763139155886119,
    "smape": 29.39622575649676
  }
}